<keymap version="1" name="XWin copy" parent="Default for XWin">
  <action id="CheckinProject">
    <keyboard-shortcut first-keystroke="ctrl alt k" />
  </action>
  <action id="CommentByLineComment">
    <keyboard-shortcut first-keystroke="shift ctrl 7" />
  </action>
  <action id="Git.Commit.And.Push.Executor" />
  <action id="Graph.ZoomIn">
    <mouse-shortcut keystroke="control button143" />
  </action>
  <action id="Graph.ZoomOut">
    <mouse-shortcut keystroke="control button142" />
  </action>
  <action id="Hg.Commit.And.Push.Executor" />
  <action id="QuickImplementations" />
  <action id="ReformatCode">
    <keyboard-shortcut first-keystroke="ctrl alt l" />
    <keyboard-shortcut first-keystroke="shift ctrl i" />
  </action>
  <action id="ToggleBookmark7" />
  <action id="ZoomCurrentWindow">
    <mouse-shortcut keystroke="shift control button143" />
  </action>
</keymap>