<keymap version="1" name="XWin copy" parent="Default for XWin">
  <action id="CommentByLineComment">
    <keyboard-shortcut first-keystroke="shift ctrl 7" />
  </action>
  <action id="Graph.ZoomIn">
    <mouse-shortcut keystroke="control button143" />
  </action>
  <action id="Graph.ZoomOut">
    <mouse-shortcut keystroke="control button142" />
  </action>
  <action id="QuickImplementations" />
  <action id="Refactorings.QuickListPopupAction">
    <keyboard-shortcut first-keystroke="shift ctrl r" />
  </action>
  <action id="ReplaceInPath" />
  <action id="ShowReformatFileDialog">
    <keyboard-shortcut first-keystroke="shift ctrl alt l" />
    <keyboard-shortcut first-keystroke="shift ctrl i" />
  </action>
  <action id="ToggleBookmark7" />
  <action id="UpdateRunningApplication" />
  <action id="ZoomCurrentWindow">
    <mouse-shortcut keystroke="shift control button143" />
  </action>
  <action id="android.deploy.ApplyChanges">
    <keyboard-shortcut first-keystroke="ctrl f10" />
  </action>
  <action id="android.deploy.CodeSwap">
    <keyboard-shortcut first-keystroke="ctrl alt f10" />
  </action>
</keymap>